objectid,stname,length_ft,Shape__Length
1,10TH,3219.85920688,1283.42088917677
2,12TH,8041.6140884,3205.35138141797
3,15TH,9219.35308969,3674.76063760008
4,17TH,8488.10158129,3385.32627071027
5,17TH,4244.98847294,1691.48761745617
6,26TH,4965.36419284,1977.9916174132
7,29TH,8974.94430422,3579.52717032651
8,2ND,10774.36723977,4297.63848051699
9,33RD,8972.3041468,3577.36001555554
10,47TH,5226.66059225,2081.46742867651
11,49TH,8774.86593324,3494.28713986699
12,52ND,16780.76650718,6685.80715828388
13,53RD,7493.91679675,2987.62066495186
14,54TH,5236.31636289,2083.29968496953
15,54TH,3956.07435816,1577.50341131092
16,55TH,3518.44021837,1402.51246234245
17,56TH,5731.23911205,2284.62002770102
18,58TH,4897.91879638,1952.30006213154
19,59TH,7688.43122105,3065.22302181246
20,UNIVERSITY,2602.45004525,1037.40520359632
21,5TH,23981.07047258,9568.55311211252
22,61ST,4814.913629,1912.90698346969
23,63RD,5083.05031879,2020.61821548784
24,63RD,8461.00772212,3373.63675076432
25,65TH,4413.08042781,1754.25075490061
26,66TH,4338.46533614,1725.39236381274
27,6TH,4144.22676207,1652.88721001741
28,ARAMINGO,19945.63847184,7938.76898157862
29,70TH,6663.36514848,2650.42910319704
30,84TH,4456.65378268,1770.24612955063
31,9TH,9614.67831788,3836.00299513798
32,ACADEMY,11828.37644002,4719.22519258177
33,ALLEGHENY,29649.71830449,11791.3555807353
34,ARCH,7218.38189641,2866.91781084502
35,BALTIMORE,7400.2508531,2938.73171259453
36,BARTRAM,10137.31254151,4026.94074270424
37,BELFIELD,9836.00511605,3918.00363840599
38,BELMONT,11569.06289774,4613.27110235249
39,CALLOWHILL,4029.12792194,1600.13082464323
40,BENJAMIN FRANKLIN,5283.29186764,2102.06784366227
41,BERKS,4056.90782421,1611.67514558254
42,BRIDGE,6694.20264633,2669.61764186679
43,BROAD,17698.86517075,7052.01627581664
44,CASTOR,8972.29518948,3576.46505041371
45,BROAD,40651.38143349,16216.6348415894
46,BUIST,7391.18448041,2938.87325390604
47,BUSTLETON,23695.72897329,9459.50614557619
48,BUSTLETON,13936.75404567,5558.4078040337
49,CASTOR,13685.14290263,5454.83129645402
50,CECIL B MOORE,8454.88147976,3358.83854125009
51,CEDAR,6193.95652097,2459.61329844562
52,CHELTEN,13660.26290041,5442.29095137738
53,CHELTENHAM,22602.32051641,9003.75848272466
54,CHESTER,5518.50064992,2194.65768547129
55,CHESTNUT,6325.91439132,2511.99543132333
56,CHESTNUT,15701.74290164,6235.71433048647
57,CHEW,11396.59249625,4538.77405418906
58,CITY,17974.81175183,7150.26653483476
59,CLEARFIELD,9734.72496274,3874.22797653209
60,COBBS CREEK,22261.54393133,8861.91589594912
61,I,5007.18181514,1997.49111421373
62,COTTMAN,22945.28242775,9139.20267552101
63,CUMBERLAND,4521.88567342,1796.8541448869
64,DAUPHIN,5348.63024735,2125.08697112756
65,DELAWARE,24139.80347321,9614.33392889665
66,MARKET,9834.03846086,3905.61276387222
67,ERIE,34490.4118646,13717.5399970913
68,ERIE,4533.28788479,1801.72283484826
69,FOX,4583.96807613,1826.68141943344
70,FRANKFORD,52851.01970882,21039.2506164436
71,RICHMOND,12221.50063049,4861.40524538042
72,FRONT,13802.22309289,5505.80329435355
73,G,3028.2072351,1208.10041236888
74,GERMANTOWN,3780.59478938,1507.89072958901
75,GERMANTOWN,9524.27527732,3798.02810325538
76,GERMANTOWN,2577.99529244,1026.34860253818
77,GIRARD,9718.3580713,3860.38431922665
78,GIRARD,5685.25913252,2258.39909744648
79,GIRARD,13178.01312246,5235.11249523663
80,GLENWOOD,8786.98634385,3494.18541017348
81,GODFREY,13928.17378977,5544.54812121014
82,GRANT,13773.03286169,5485.78513760241
83,GRAYS FERRY,5433.90961326,2157.57276609588
84,GREENE,7189.28122324,2862.54022280364
85,RIDGE,6854.91192328,2736.16629485382
86,HARBISON,11305.32059898,4509.44017984126
87,HAVERFORD,5410.50517934,2149.9479726728
88,HENRY,16234.4654193,6468.95184924736
89,HENRY,3531.58051815,1407.05272006713
90,HOLME,10190.75692178,4053.70919482856
91,HUNTING PARK,17265.60578517,6864.78125725071
92,INDIANA,3496.04612007,1389.21190383065
93,ISLAND,9302.81174917,3704.23315807241
94,K,3413.06411013,1361.53448542736
95,KELLY,46938.31439352,9344.42300521712
96,KENSINGTON,13956.67341847,5552.84242255309
97,KINGSESSING,8516.51321746,3386.97749542267
98,TACONY,4905.06520609,1950.4979715016
99,KNIGHTS,12210.39540166,4870.85372803856
100,LANCASTER,17741.80360486,7055.04793477404
101,LANSDOWNE,4190.09584144,1664.44198841437
102,LEHIGH,21769.99697127,8654.21940822126
103,MARKET,8774.17420742,3484.37125002282
104,LEVICK,15363.72217588,6118.31423637642
105,LINCOLN,16326.56181895,6508.25821360026
106,LINDBERGH,21290.5707647,8469.19868034182
107,LINDEN,3568.16257532,1422.15360994889
108,LUZERNE,10157.57558853,4037.06496918574
109,MARKET,4807.9191614,1909.21229706616
110,MASTER,5079.78890417,2017.78779258978
111,MASTER,3439.03049605,1366.09449023479
112,MIDVALE,3638.25246124,1448.68440711947
113,MONTGOMERY,3236.20056028,1286.42665207701
114,MOORE,4000.54800736,1588.09800417776
115,OGONTZ,17599.59498405,7021.8335383678
116,PENROSE,13233.18225017,5256.44891708203
117,OLD YORK,9683.07059995,3863.7326245056
118,OLD YORK,8805.40995383,3513.40932229577
119,OLNEY,9604.54359604,3819.55899672284
120,ONTARIO,4215.29646129,1675.21493269512
121,ONTARIO,12455.20993015,4953.74052457991
122,PHILMONT,2946.8133202,1173.94490060204
123,RACE,2586.22177285,1027.03944216916
124,OREGON,15236.63290514,6048.58225114532
125,OXFORD,4303.25613473,1717.09392450333
126,PASCHALL,6063.21420275,2410.75433186807
127,PASSYUNK,13773.20258693,5477.6264418913
128,PASSYUNK,5647.21044231,2241.87570015548
129,PATTISON,13535.43888691,5371.29452690216
130,RIDGE,25243.8537297,10053.906983253
131,RISING SUN,13843.71803239,5516.9142131594
132,RISING SUN,6068.77514606,2414.37835511338
133,ROBBINS,3847.78593283,1533.38890129498
134,ROBERTS,8506.08734649,3386.39839170264
135,ROOSEVELT,63194.85761644,25174.2481324169
136,ROOSEVELT,14210.41860441,5653.05221134298
137,SNYDER,5445.48042292,2161.56005233407
138,UNIVERSITY,8420.16350281,3355.0028352025
139,SPRING GARDEN,7344.9004006,2917.01493510467
140,SPRUCE,15787.73891224,6270.47316632343
141,SPRUCE,6667.46907746,2647.45244381851
142,STATE,7968.23845364,3171.7700636748
143,STENTON,10589.69669221,4216.775197026
144,TABOR,7124.23350562,2837.7149117713
145,UPSAL,9863.99149076,3932.84751630796
146,VERREE,12082.63846327,4817.69262214323
147,VINE,4524.60948289,1796.86186076106
148,WALNUT,4109.06960794,1636.31846747453
149,WALNUT,26755.64749748,10624.9972859105
150,WASHINGTON,9863.66439236,3916.4071083513
151,WASHINGTON,2690.41453269,1072.43640062038
152,WASHINGTON,4841.26971675,1930.55672371546
153,WAYNE,5469.8691517,2177.32758665863
154,WELSH,7688.59644267,3067.82626179583
155,WHITAKER,14458.62447189,5764.34836527094
156,WHITBY,3002.73695562,1194.25792564272
157,WINGOHOCKING,2895.59980911,1151.04365270043
158,WISSAHICKON,10962.34441089,4367.76000391084
159,WISTER,4243.23096887,1693.82185171579
160,WOODLAND,13182.22381258,5241.82334298196
161,WYOMING,6999.41519561,2782.32064010329
162,PENN SQ,889.656388,889.656395909078
